Promotor;RpoE1;RpoE3;RpoE4;RpoE6;ECF26_4464
PSMa0142;1,209446688;1,104952004;1,844678212;18,57726289;1,00588675
PSMb20154;1,712735452;0,971250175;0,937190499;0,963455046;0,975898242
PSMc04291;2,65657552;0,973740013;0,902608201;0,999252408;0,952019695
PSMc01022;2,103287732;1,008062619;1,133482678;1,056540627;1,031536272
P26_up601;3,928482726;1,359551012;100,0287984;293,0634922;6,157647552
PSMc01419 ;190,6483241;0,587132245;1,596355933;0,983458952;1,209949556
PSMc04051;1,611779895;1,066549529;4,576438478;1,041284787;1,018970603
PSMc04049;0,962921278;0,91743683;14,80753022;1,565454515;0,701389794
PSMa0144;1,05542105;0,970184437;0,98139484;4,545087323;1,021889367
PSMa0148 ;0,921303829;0,888609788;1,086269428;3,505374543;1,042007055
